train_error,test_error,train_accuracy,test_accuracy
0.06640694061698832,0.07254793271801134,0.9800666666666666,0.9773
0.05280120326927044,0.0644308600286218,0.9836666666666667,0.9795
0.031179292003221788,0.04848116095762996,0.9902166666666666,0.9855
0.017170694163369936,0.043086931886845606,0.9948333333333333,0.9881
0.011661722916525919,0.039848766638519155,0.9966833333333334,0.9886
0.006959199553514019,0.03572499766314814,0.9984,0.9897
0.00583874429463383,0.035387494895527005,0.9989166666666667,0.9893
